,multibat_filename,source_single_bat_files,actual_virtual_filenames
0,matching_annotaudio_Aditya_2018-08-16_21502300_108_hp.WAV,"matching_annotaudio_Aditya_2018-08-16_2324_15_hp.WAV', 'matching_annotaudio_Aditya_2018-08-16_2324_10_hp.WAV",matching_annotaudio_Aditya_2018-08-16_21502300_108_hp_singlebatmixed.WAV
1,matching_annotaudio_Aditya_2018-08-16_21502300_36_hp.WAV,"matching_annotaudio_Aditya_2018-08-16_2324_15_hp.WAV', 'matching_annotaudio_Aditya_2018-08-16_2324_10_hp.WAV",matching_annotaudio_Aditya_2018-08-16_21502300_36_hp_singlebatmixed.WAV
2,matching_annotaudio_Aditya_2018-08-16_21502300_37_hp.WAV,"matching_annotaudio_Aditya_2018-08-16_2324_15_hp.WAV', 'matching_annotaudio_Aditya_2018-08-16_2324_10_hp.WAV",matching_annotaudio_Aditya_2018-08-16_21502300_37_hp_singlebatmixed.WAV
3,matching_annotaudio_Aditya_2018-08-16_21502300_39_hp.WAV,"matching_annotaudio_Aditya_2018-08-17_34_18_hp.WAV', 'matching_annotaudio_Aditya_2018-08-16_21502300_62_hp.WAV",matching_annotaudio_Aditya_2018-08-16_21502300_39_hp_singlebatmixed.WAV
4,matching_annotaudio_Aditya_2018-08-16_21502300_40_hp.WAV,"matching_annotaudio_Aditya_2018-08-17_12_15_hp.WAV', 'matching_annotaudio_Aditya_2018-08-16_21502300_62_hp.WAV",matching_annotaudio_Aditya_2018-08-16_21502300_40_hp_singlebatmixed.WAV
5,matching_annotaudio_Aditya_2018-08-16_21502300_43_hp.WAV,"matching_annotaudio_Aditya_2018-08-19_0120-0200_109_hp.WAV', 'matching_annotaudio_Aditya_2018-08-19_23_32_hp.WAV",matching_annotaudio_Aditya_2018-08-16_21502300_43_hp_singlebatmixed.WAV
6,matching_annotaudio_Aditya_2018-08-16_21502300_46_hp.WAV,"matching_annotaudio_Aditya_2018-08-17_12_98_hp.WAV', 'matching_annotaudio_Aditya_2018-08-19_0120-0200_109_hp.WAV",matching_annotaudio_Aditya_2018-08-16_21502300_46_hp_singlebatmixed.WAV
7,matching_annotaudio_Aditya_2018-08-16_21502300_49_hp.WAV,"matching_annotaudio_Aditya_2018-08-17_34_201_hp.WAV', 'matching_annotaudio_Aditya_2018-08-16_21502300_62_hp.WAV",matching_annotaudio_Aditya_2018-08-16_21502300_49_hp_singlebatmixed.WAV
8,matching_annotaudio_Aditya_2018-08-16_2324_169_hp.WAV,"matching_annotaudio_Aditya_2018-08-19_0120-0200_18_hp.WAV', 'matching_annotaudio_Aditya_2018-08-16_2324_14_hp.WAV",matching_annotaudio_Aditya_2018-08-16_2324_169_hp_singlebatmixed.WAV
9,matching_annotaudio_Aditya_2018-08-16_2324_182_hp.WAV,"matching_annotaudio_Aditya_2018-08-17_45_56_hp.WAV', 'matching_annotaudio_Aditya_2018-08-17_01_10_hp.WAV",matching_annotaudio_Aditya_2018-08-16_2324_182_hp_singlebatmixed.WAV
10,matching_annotaudio_Aditya_2018-08-16_2324_18_hp.WAV,"matching_annotaudio_Aditya_2018-08-16_2324_128_hp.WAV', 'matching_annotaudio_Aditya_2018-08-17_12_98_hp.WAV",matching_annotaudio_Aditya_2018-08-16_2324_18_hp_singlebatmixed.WAV
11,matching_annotaudio_Aditya_2018-08-16_2324_207_hp.WAV,"matching_annotaudio_Aditya_2018-08-20_0200-0300_90_hp.WAV', 'matching_annotaudio_Aditya_2018-08-16_2324_61_hp.WAV",matching_annotaudio_Aditya_2018-08-16_2324_207_hp_singlebatmixed.WAV
12,matching_annotaudio_Aditya_2018-08-16_2324_208_hp.WAV,"matching_annotaudio_Aditya_2018-08-20_0200-0300_38_hp.WAV', 'matching_annotaudio_Aditya_2018-08-19_23_19_hp.WAV",matching_annotaudio_Aditya_2018-08-16_2324_208_hp_singlebatmixed.WAV
13,matching_annotaudio_Aditya_2018-08-16_2324_20_hp.WAV,"matching_annotaudio_Aditya_2018-08-16_2324_61_hp.WAV', 'matching_annotaudio_Aditya_2018-08-19_0120-0200_93_hp.WAV",matching_annotaudio_Aditya_2018-08-16_2324_20_hp_singlebatmixed.WAV
14,matching_annotaudio_Aditya_2018-08-16_2324_216_hp.WAV,"matching_annotaudio_Aditya_2018-08-16_2324_61_hp.WAV', 'matching_annotaudio_Aditya_2018-08-19_0120-0200_93_hp.WAV",matching_annotaudio_Aditya_2018-08-16_2324_216_hp_singlebatmixed.WAV
15,matching_annotaudio_Aditya_2018-08-16_2324_218_hp.WAV,"matching_annotaudio_Aditya_2018-08-17_12_8_hp.WAV', 'matching_annotaudio_Aditya_2018-08-17_34_27_hp.WAV', 'matching_annotaudio_Aditya_2018-08-20_0200-0300_8_hp.WAV",matching_annotaudio_Aditya_2018-08-16_2324_218_hp_singlebatmixed.WAV
16,matching_annotaudio_Aditya_2018-08-16_2324_219_hp.WAV,"matching_annotaudio_Aditya_2018-08-17_34_120_hp.WAV', 'matching_annotaudio_Aditya_2018-08-17_34_40_hp.WAV",matching_annotaudio_Aditya_2018-08-16_2324_219_hp_singlebatmixed.WAV
17,matching_annotaudio_Aditya_2018-08-16_2324_220_hp.WAV,"matching_annotaudio_Aditya_2018-08-17_01_40_hp.WAV', 'matching_annotaudio_Aditya_2018-08-17_12_8_hp.WAV', 'matching_annotaudio_Aditya_2018-08-17_01_6_hp.WAV",matching_annotaudio_Aditya_2018-08-16_2324_220_hp_singlebatmixed.WAV
18,matching_annotaudio_Aditya_2018-08-16_2324_221_hp.WAV,"matching_annotaudio_Aditya_2018-08-17_12_100_hp.WAV', 'matching_annotaudio_Aditya_2018-08-20_0200-0300_3_hp.WAV",matching_annotaudio_Aditya_2018-08-16_2324_221_hp_singlebatmixed.WAV
19,matching_annotaudio_Aditya_2018-08-16_2324_223_hp.WAV,"matching_annotaudio_Aditya_2018-08-17_56_1_hp.WAV', 'matching_annotaudio_Aditya_2018-08-16_21502300_100_hp.WAV",matching_annotaudio_Aditya_2018-08-16_2324_223_hp_singlebatmixed.WAV
20,matching_annotaudio_Aditya_2018-08-16_2324_228_hp.WAV,"matching_annotaudio_Aditya_2018-08-19_0120-0200_93_hp.WAV', 'matching_annotaudio_Aditya_2018-08-17_56_78_hp.WAV",matching_annotaudio_Aditya_2018-08-16_2324_228_hp_singlebatmixed.WAV
21,matching_annotaudio_Aditya_2018-08-16_2324_229_hp.WAV,"matching_annotaudio_Aditya_2018-08-16_2324_61_hp.WAV', 'matching_annotaudio_Aditya_2018-08-19_0120-0200_13_hp.WAV",matching_annotaudio_Aditya_2018-08-16_2324_229_hp_singlebatmixed.WAV
22,matching_annotaudio_Aditya_2018-08-16_2324_22_hp.WAV,"matching_annotaudio_Aditya_2018-08-17_12_4_hp.WAV', 'matching_annotaudio_Aditya_2018-08-17_34_201_hp.WAV",matching_annotaudio_Aditya_2018-08-16_2324_22_hp_singlebatmixed.WAV
23,matching_annotaudio_Aditya_2018-08-16_2324_23_hp.WAV,"matching_annotaudio_Aditya_2018-08-17_12_50_hp.WAV', 'matching_annotaudio_Aditya_2018-08-17_34_12_hp.WAV",matching_annotaudio_Aditya_2018-08-16_2324_23_hp_singlebatmixed.WAV
24,matching_annotaudio_Aditya_2018-08-16_2324_26_hp.WAV,"matching_annotaudio_Aditya_2018-08-19_23_32_hp.WAV', 'matching_annotaudio_Aditya_2018-08-17_56_96_hp.WAV",matching_annotaudio_Aditya_2018-08-16_2324_26_hp_singlebatmixed.WAV
25,matching_annotaudio_Aditya_2018-08-16_2324_28_hp.WAV,"matching_annotaudio_Aditya_2018-08-17_56_1_hp.WAV', 'matching_annotaudio_Aditya_2018-08-20_0200-0300_3_hp.WAV",matching_annotaudio_Aditya_2018-08-16_2324_28_hp_singlebatmixed.WAV
26,matching_annotaudio_Aditya_2018-08-16_2324_31_hp.WAV,"matching_annotaudio_Aditya_2018-08-20_0200-0300_38_hp.WAV', 'matching_annotaudio_Aditya_2018-08-17_01_10_hp.WAV",matching_annotaudio_Aditya_2018-08-16_2324_31_hp_singlebatmixed.WAV
27,matching_annotaudio_Aditya_2018-08-16_2324_41_hp.WAV,"matching_annotaudio_Aditya_2018-08-19_0120-0200_18_hp.WAV', 'matching_annotaudio_Aditya_2018-08-16_2324_29_hp.WAV",matching_annotaudio_Aditya_2018-08-16_2324_41_hp_singlebatmixed.WAV
28,matching_annotaudio_Aditya_2018-08-16_2324_49_hp.WAV,"matching_annotaudio_Aditya_2018-08-17_34_132_hp.WAV', 'matching_annotaudio_Aditya_2018-08-19_0120-0200_8_hp.WAV', 'matching_annotaudio_Aditya_2018-08-17_34_201_hp.WAV",matching_annotaudio_Aditya_2018-08-16_2324_49_hp_singlebatmixed.WAV
29,matching_annotaudio_Aditya_2018-08-16_2324_52_hp.WAV,"matching_annotaudio_Aditya_2018-08-17_12_98_hp.WAV', 'matching_annotaudio_Aditya_2018-08-17_34_12_hp.WAV",matching_annotaudio_Aditya_2018-08-16_2324_52_hp_singlebatmixed.WAV
30,matching_annotaudio_Aditya_2018-08-16_2324_59_hp.WAV,"matching_annotaudio_Aditya_2018-08-17_56_78_hp.WAV', 'matching_annotaudio_Aditya_2018-08-20_0200-0300_38_hp.WAV', 'matching_annotaudio_Aditya_2018-08-17_01_8_hp.WAV",matching_annotaudio_Aditya_2018-08-16_2324_59_hp_singlebatmixed.WAV
31,matching_annotaudio_Aditya_2018-08-16_2324_7_hp.WAV,"matching_annotaudio_Aditya_2018-08-17_01_8_hp.WAV', 'matching_annotaudio_Aditya_2018-08-17_34_2_hp.WAV",matching_annotaudio_Aditya_2018-08-16_2324_7_hp_singlebatmixed.WAV
32,matching_annotaudio_Aditya_2018-08-17_01_24_hp.WAV,"matching_annotaudio_Aditya_2018-08-16_2324_10_hp.WAV', 'matching_annotaudio_Aditya_2018-08-17_45_5_hp.WAV",matching_annotaudio_Aditya_2018-08-17_01_24_hp_singlebatmixed.WAV
33,matching_annotaudio_Aditya_2018-08-17_01_28_hp.WAV,"matching_annotaudio_Aditya_2018-08-19_0120-0200_93_hp.WAV', 'matching_annotaudio_Aditya_2018-08-19_23_17_hp.WAV', 'matching_annotaudio_Aditya_2018-08-17_01_10_hp.WAV', 'matching_annotaudio_Aditya_2018-08-16_2324_154_hp.WAV",matching_annotaudio_Aditya_2018-08-17_01_28_hp_singlebatmixed.WAV
34,matching_annotaudio_Aditya_2018-08-17_01_29_hp.WAV,"matching_annotaudio_Aditya_2018-08-17_45_8_hp.WAV', 'matching_annotaudio_Aditya_2018-08-16_2324_8_hp.WAV', 'matching_annotaudio_Aditya_2018-08-17_01_74_hp.WAV",matching_annotaudio_Aditya_2018-08-17_01_29_hp_singlebatmixed.WAV
35,matching_annotaudio_Aditya_2018-08-17_01_30_hp.WAV,"matching_annotaudio_Aditya_2018-08-17_01_7_hp.WAV', 'matching_annotaudio_Aditya_2018-08-16_2324_14_hp.WAV",matching_annotaudio_Aditya_2018-08-17_01_30_hp_singlebatmixed.WAV
36,matching_annotaudio_Aditya_2018-08-17_01_39_hp.WAV,"matching_annotaudio_Aditya_2018-08-20_0200-0300_11_hp.WAV', 'matching_annotaudio_Aditya_2018-08-17_01_74_hp.WAV",matching_annotaudio_Aditya_2018-08-17_01_39_hp_singlebatmixed.WAV
37,matching_annotaudio_Aditya_2018-08-17_01_44_hp.WAV,"matching_annotaudio_Aditya_2018-08-17_23_185_hp.WAV', 'matching_annotaudio_Aditya_2018-08-16_2324_117_hp.WAV",matching_annotaudio_Aditya_2018-08-17_01_44_hp_singlebatmixed.WAV
38,matching_annotaudio_Aditya_2018-08-17_01_47_hp.WAV,"matching_annotaudio_Aditya_2018-08-19_0120-0200_93_hp.WAV', 'matching_annotaudio_Aditya_2018-08-17_01_10_hp.WAV",matching_annotaudio_Aditya_2018-08-17_01_47_hp_singlebatmixed.WAV
39,matching_annotaudio_Aditya_2018-08-17_01_63_hp.WAV,"matching_annotaudio_Aditya_2018-08-20_0200-0300_8_hp.WAV', 'matching_annotaudio_Aditya_2018-08-17_01_6_hp.WAV",matching_annotaudio_Aditya_2018-08-17_01_63_hp_singlebatmixed.WAV
40,matching_annotaudio_Aditya_2018-08-17_01_75_hp.WAV,"matching_annotaudio_Aditya_2018-08-17_34_120_hp.WAV', 'matching_annotaudio_Aditya_2018-08-16_2324_154_hp.WAV",matching_annotaudio_Aditya_2018-08-17_01_75_hp_singlebatmixed.WAV
41,matching_annotaudio_Aditya_2018-08-17_23_115_hp.WAV,"matching_annotaudio_Aditya_2018-08-19_23_17_hp.WAV', 'matching_annotaudio_Aditya_2018-08-19_0120-0200_93_hp.WAV', 'matching_annotaudio_Aditya_2018-08-17_45_67_hp.WAV",matching_annotaudio_Aditya_2018-08-17_23_115_hp_singlebatmixed.WAV
42,matching_annotaudio_Aditya_2018-08-17_23_137_hp.WAV,"matching_annotaudio_Aditya_2018-08-17_12_50_hp.WAV', 'matching_annotaudio_Aditya_2018-08-17_23_26_hp.WAV",matching_annotaudio_Aditya_2018-08-17_23_137_hp_singlebatmixed.WAV
43,matching_annotaudio_Aditya_2018-08-17_23_157_hp.WAV,"matching_annotaudio_Aditya_2018-08-17_23_185_hp.WAV', 'matching_annotaudio_Aditya_2018-08-17_23_26_hp.WAV",matching_annotaudio_Aditya_2018-08-17_23_157_hp_singlebatmixed.WAV
44,matching_annotaudio_Aditya_2018-08-17_23_170_hp.WAV,"matching_annotaudio_Aditya_2018-08-17_45_5_hp.WAV', 'matching_annotaudio_Aditya_2018-08-16_2324_10_hp.WAV",matching_annotaudio_Aditya_2018-08-17_23_170_hp_singlebatmixed.WAV
45,matching_annotaudio_Aditya_2018-08-17_23_172_hp.WAV,"matching_annotaudio_Aditya_2018-08-16_21502300_62_hp.WAV', 'matching_annotaudio_Aditya_2018-08-17_34_18_hp.WAV",matching_annotaudio_Aditya_2018-08-17_23_172_hp_singlebatmixed.WAV
46,matching_annotaudio_Aditya_2018-08-17_23_173_hp.WAV,"matching_annotaudio_Aditya_2018-08-16_21502300_62_hp.WAV', 'matching_annotaudio_Aditya_2018-08-17_34_18_hp.WAV",matching_annotaudio_Aditya_2018-08-17_23_173_hp_singlebatmixed.WAV
47,matching_annotaudio_Aditya_2018-08-17_23_191_hp.WAV,"matching_annotaudio_Aditya_2018-08-16_2324_8_hp.WAV', 'matching_annotaudio_Aditya_2018-08-17_01_74_hp.WAV",matching_annotaudio_Aditya_2018-08-17_23_191_hp_singlebatmixed.WAV
48,matching_annotaudio_Aditya_2018-08-17_23_192_hp.WAV,"matching_annotaudio_Aditya_2018-08-17_12_33_hp.WAV', 'matching_annotaudio_Aditya_2018-08-17_01_10_hp.WAV', 'matching_annotaudio_Aditya_2018-08-16_2324_90_hp.WAV",matching_annotaudio_Aditya_2018-08-17_23_192_hp_singlebatmixed.WAV
49,matching_annotaudio_Aditya_2018-08-17_23_196_hp.WAV,"matching_annotaudio_Aditya_2018-08-19_0120-0200_13_hp.WAV', 'matching_annotaudio_Aditya_2018-08-17_45_125_hp.WAV",matching_annotaudio_Aditya_2018-08-17_23_196_hp_singlebatmixed.WAV
50,matching_annotaudio_Aditya_2018-08-17_23_42_hp.WAV,"matching_annotaudio_Aditya_2018-08-19_0120-0200_13_hp.WAV', 'matching_annotaudio_Aditya_2018-08-17_45_125_hp.WAV",matching_annotaudio_Aditya_2018-08-17_23_42_hp_singlebatmixed.WAV
51,matching_annotaudio_Aditya_2018-08-17_23_56_hp.WAV,"matching_annotaudio_Aditya_2018-08-19_0120-0200_13_hp.WAV', 'matching_annotaudio_Aditya_2018-08-17_12_33_hp.WAV",matching_annotaudio_Aditya_2018-08-17_23_56_hp_singlebatmixed.WAV
52,matching_annotaudio_Aditya_2018-08-17_23_65_hp.WAV,"matching_annotaudio_Aditya_2018-08-16_2324_29_hp.WAV', 'matching_annotaudio_Aditya_2018-08-16_2324_14_hp.WAV",matching_annotaudio_Aditya_2018-08-17_23_65_hp_singlebatmixed.WAV
53,matching_annotaudio_Aditya_2018-08-17_23_69_hp.WAV,"matching_annotaudio_Aditya_2018-08-17_01_40_hp.WAV', 'matching_annotaudio_Aditya_2018-08-19_0120-0200_59_hp.WAV', 'matching_annotaudio_Aditya_2018-08-17_12_8_hp.WAV",matching_annotaudio_Aditya_2018-08-17_23_69_hp_singlebatmixed.WAV
54,matching_annotaudio_Aditya_2018-08-17_23_71_hp.WAV,"matching_annotaudio_Aditya_2018-08-17_34_2_hp.WAV', 'matching_annotaudio_Aditya_2018-08-20_0300-0400_35_hp.WAV', 'matching_annotaudio_Aditya_2018-08-16_2324_154_hp.WAV', 'matching_annotaudio_Aditya_2018-08-17_45_5_hp.WAV",matching_annotaudio_Aditya_2018-08-17_23_71_hp_singlebatmixed.WAV
55,matching_annotaudio_Aditya_2018-08-17_23_72_hp.WAV,"matching_annotaudio_Aditya_2018-08-17_01_6_hp.WAV', 'matching_annotaudio_Aditya_2018-08-17_01_57_hp.WAV",matching_annotaudio_Aditya_2018-08-17_23_72_hp_singlebatmixed.WAV
56,matching_annotaudio_Aditya_2018-08-17_23_78_hp.WAV,"matching_annotaudio_Aditya_2018-08-17_01_74_hp.WAV', 'matching_annotaudio_Aditya_2018-08-19_0120-0200_128_hp.WAV', 'matching_annotaudio_Aditya_2018-08-17_01_7_hp.WAV",matching_annotaudio_Aditya_2018-08-17_23_78_hp_singlebatmixed.WAV
57,matching_annotaudio_Aditya_2018-08-17_34_136_hp.WAV,"matching_annotaudio_Aditya_2018-08-16_2324_61_hp.WAV', 'matching_annotaudio_Aditya_2018-08-20_0300-0400_35_hp.WAV",matching_annotaudio_Aditya_2018-08-17_34_136_hp_singlebatmixed.WAV
58,matching_annotaudio_Aditya_2018-08-17_34_137_hp.WAV,"matching_annotaudio_Aditya_2018-08-17_34_27_hp.WAV', 'matching_annotaudio_Aditya_2018-08-17_34_120_hp.WAV",matching_annotaudio_Aditya_2018-08-17_34_137_hp_singlebatmixed.WAV
59,matching_annotaudio_Aditya_2018-08-17_34_156_hp.WAV,"matching_annotaudio_Aditya_2018-08-20_0200-0300_38_hp.WAV', 'matching_annotaudio_Aditya_2018-08-16_2324_128_hp.WAV', 'matching_annotaudio_Aditya_2018-08-17_56_96_hp.WAV', 'matching_annotaudio_Aditya_2018-08-20_0200-0300_41_hp.WAV",matching_annotaudio_Aditya_2018-08-17_34_156_hp_singlebatmixed.WAV
60,matching_annotaudio_Aditya_2018-08-17_34_157_hp.WAV,"matching_annotaudio_Aditya_2018-08-17_01_74_hp.WAV', 'matching_annotaudio_Aditya_2018-08-20_0200-0300_11_hp.WAV', 'matching_annotaudio_Aditya_2018-08-16_2324_8_hp.WAV",matching_annotaudio_Aditya_2018-08-17_34_157_hp_singlebatmixed.WAV
61,matching_annotaudio_Aditya_2018-08-17_34_158_hp.WAV,"matching_annotaudio_Aditya_2018-08-17_12_100_hp.WAV', 'matching_annotaudio_Aditya_2018-08-16_2324_10_hp.WAV",matching_annotaudio_Aditya_2018-08-17_34_158_hp_singlebatmixed.WAV
62,matching_annotaudio_Aditya_2018-08-17_34_21_hp.WAV,"matching_annotaudio_Aditya_2018-08-19_0120-0200_18_hp.WAV', 'matching_annotaudio_Aditya_2018-08-16_2324_14_hp.WAV",matching_annotaudio_Aditya_2018-08-17_34_21_hp_singlebatmixed.WAV
63,matching_annotaudio_Aditya_2018-08-17_34_23_hp.WAV,"matching_annotaudio_Aditya_2018-08-20_0200-0300_11_hp.WAV', 'matching_annotaudio_Aditya_2018-08-17_12_8_hp.WAV",matching_annotaudio_Aditya_2018-08-17_34_23_hp_singlebatmixed.WAV
64,matching_annotaudio_Aditya_2018-08-17_34_32_hp.WAV,"matching_annotaudio_Aditya_2018-08-19_0120-0200_8_hp.WAV', 'matching_annotaudio_Aditya_2018-08-17_12_15_hp.WAV",matching_annotaudio_Aditya_2018-08-17_34_32_hp_singlebatmixed.WAV
65,matching_annotaudio_Aditya_2018-08-17_34_35_hp.WAV,"matching_annotaudio_Aditya_2018-08-16_2324_15_hp.WAV', 'matching_annotaudio_Aditya_2018-08-20_0200-0300_8_hp.WAV",matching_annotaudio_Aditya_2018-08-17_34_35_hp_singlebatmixed.WAV
66,matching_annotaudio_Aditya_2018-08-17_34_38_hp.WAV,"matching_annotaudio_Aditya_2018-08-17_45_5_hp.WAV', 'matching_annotaudio_Aditya_2018-08-17_23_100_hp.WAV",matching_annotaudio_Aditya_2018-08-17_34_38_hp_singlebatmixed.WAV
67,matching_annotaudio_Aditya_2018-08-17_34_4_hp.WAV,"matching_annotaudio_Aditya_2018-08-17_45_5_hp.WAV', 'matching_annotaudio_Aditya_2018-08-17_45_3_hp.WAV",matching_annotaudio_Aditya_2018-08-17_34_4_hp_singlebatmixed.WAV
68,matching_annotaudio_Aditya_2018-08-17_34_64_hp.WAV,"matching_annotaudio_Aditya_2018-08-19_23_32_hp.WAV', 'matching_annotaudio_Aditya_2018-08-17_56_96_hp.WAV",matching_annotaudio_Aditya_2018-08-17_34_64_hp_singlebatmixed.WAV
69,matching_annotaudio_Aditya_2018-08-17_34_65_hp.WAV,"matching_annotaudio_Aditya_2018-08-20_0300-0400_18_hp.WAV', 'matching_annotaudio_Aditya_2018-08-17_12_98_hp.WAV",matching_annotaudio_Aditya_2018-08-17_34_65_hp_singlebatmixed.WAV
70,matching_annotaudio_Aditya_2018-08-17_34_72_hp.WAV,"matching_annotaudio_Aditya_2018-08-17_45_342_hp.WAV', 'matching_annotaudio_Aditya_2018-08-16_2324_10_hp.WAV",matching_annotaudio_Aditya_2018-08-17_34_72_hp_singlebatmixed.WAV
71,matching_annotaudio_Aditya_2018-08-17_34_81_hp.WAV,"matching_annotaudio_Aditya_2018-08-20_0200-0300_11_hp.WAV', 'matching_annotaudio_Aditya_2018-08-16_2324_8_hp.WAV",matching_annotaudio_Aditya_2018-08-17_34_81_hp_singlebatmixed.WAV
72,matching_annotaudio_Aditya_2018-08-17_45_116_hp.WAV,"matching_annotaudio_Aditya_2018-08-16_21502300_62_hp.WAV', 'matching_annotaudio_Aditya_2018-08-17_12_15_hp.WAV",matching_annotaudio_Aditya_2018-08-17_45_116_hp_singlebatmixed.WAV
73,matching_annotaudio_Aditya_2018-08-17_45_117_hp.WAV,"matching_annotaudio_Aditya_2018-08-17_01_6_hp.WAV', 'matching_annotaudio_Aditya_2018-08-17_01_40_hp.WAV', 'matching_annotaudio_Aditya_2018-08-17_45_5_hp.WAV",matching_annotaudio_Aditya_2018-08-17_45_117_hp_singlebatmixed.WAV
74,matching_annotaudio_Aditya_2018-08-17_45_119_hp.WAV,"matching_annotaudio_Aditya_2018-08-17_01_6_hp.WAV', 'matching_annotaudio_Aditya_2018-08-17_01_40_hp.WAV', 'matching_annotaudio_Aditya_2018-08-17_45_5_hp.WAV",matching_annotaudio_Aditya_2018-08-17_45_119_hp_singlebatmixed.WAV
75,matching_annotaudio_Aditya_2018-08-17_45_135_hp.WAV,"matching_annotaudio_Aditya_2018-08-17_34_18_hp.WAV', 'matching_annotaudio_Aditya_2018-08-16_21502300_62_hp.WAV",matching_annotaudio_Aditya_2018-08-17_45_135_hp_singlebatmixed.WAV
76,matching_annotaudio_Aditya_2018-08-17_45_162_hp.WAV,"matching_annotaudio_Aditya_2018-08-16_21502300_62_hp.WAV', 'matching_annotaudio_Aditya_2018-08-17_34_18_hp.WAV",matching_annotaudio_Aditya_2018-08-17_45_162_hp_singlebatmixed.WAV
77,matching_annotaudio_Aditya_2018-08-17_45_164_hp.WAV,"matching_annotaudio_Aditya_2018-08-17_34_132_hp.WAV', 'matching_annotaudio_Aditya_2018-08-17_12_15_hp.WAV",matching_annotaudio_Aditya_2018-08-17_45_164_hp_singlebatmixed.WAV
78,matching_annotaudio_Aditya_2018-08-17_45_185_hp.WAV,"matching_annotaudio_Aditya_2018-08-17_01_3_hp.WAV', 'matching_annotaudio_Aditya_2018-08-17_12_8_hp.WAV",matching_annotaudio_Aditya_2018-08-17_45_185_hp_singlebatmixed.WAV
79,matching_annotaudio_Aditya_2018-08-17_45_231_hp.WAV,"matching_annotaudio_Aditya_2018-08-19_0120-0200_59_hp.WAV', 'matching_annotaudio_Aditya_2018-08-17_01_3_hp.WAV",matching_annotaudio_Aditya_2018-08-17_45_231_hp_singlebatmixed.WAV
80,matching_annotaudio_Aditya_2018-08-17_45_99_hp.WAV,"matching_annotaudio_Aditya_2018-08-17_01_7_hp.WAV', 'matching_annotaudio_Aditya_2018-08-16_2324_14_hp.WAV",matching_annotaudio_Aditya_2018-08-17_45_99_hp_singlebatmixed.WAV
81,matching_annotaudio_Aditya_2018-08-17_56_11_hp.WAV,"matching_annotaudio_Aditya_2018-08-17_34_2_hp.WAV', 'matching_annotaudio_Aditya_2018-08-17_23_100_hp.WAV', 'matching_annotaudio_Aditya_2018-08-17_01_8_hp.WAV', 'matching_annotaudio_Aditya_2018-08-17_45_67_hp.WAV",matching_annotaudio_Aditya_2018-08-17_56_11_hp_singlebatmixed.WAV
82,matching_annotaudio_Aditya_2018-08-17_56_23_hp.WAV,"matching_annotaudio_Aditya_2018-08-17_45_3_hp.WAV', 'matching_annotaudio_Aditya_2018-08-20_0200-0300_11_hp.WAV', 'matching_annotaudio_Aditya_2018-08-17_01_57_hp.WAV",matching_annotaudio_Aditya_2018-08-17_56_23_hp_singlebatmixed.WAV
83,matching_annotaudio_Aditya_2018-08-17_56_31_hp.WAV,"matching_annotaudio_Aditya_2018-08-16_2324_29_hp.WAV', 'matching_annotaudio_Aditya_2018-08-17_01_7_hp.WAV",matching_annotaudio_Aditya_2018-08-17_56_31_hp_singlebatmixed.WAV
84,matching_annotaudio_Aditya_2018-08-17_56_58_hp.WAV,"matching_annotaudio_Aditya_2018-08-16_2324_14_hp.WAV', 'matching_annotaudio_Aditya_2018-08-16_2324_29_hp.WAV', 'matching_annotaudio_Aditya_2018-08-17_01_7_hp.WAV",matching_annotaudio_Aditya_2018-08-17_56_58_hp_singlebatmixed.WAV
85,matching_annotaudio_Aditya_2018-08-19_0120-0200_104_hp.WAV,"matching_annotaudio_Aditya_2018-08-20_0200-0300_8_hp.WAV', 'matching_annotaudio_Aditya_2018-08-17_45_5_hp.WAV",matching_annotaudio_Aditya_2018-08-19_0120-0200_104_hp_singlebatmixed.WAV
86,matching_annotaudio_Aditya_2018-08-19_0120-0200_117_hp.WAV,"matching_annotaudio_Aditya_2018-08-17_34_18_hp.WAV', 'matching_annotaudio_Aditya_2018-08-16_21502300_62_hp.WAV",matching_annotaudio_Aditya_2018-08-19_0120-0200_117_hp_singlebatmixed.WAV
87,matching_annotaudio_Aditya_2018-08-19_0120-0200_71_hp.WAV,"matching_annotaudio_Aditya_2018-08-19_0120-0200_18_hp.WAV', 'matching_annotaudio_Aditya_2018-08-17_45_8_hp.WAV",matching_annotaudio_Aditya_2018-08-19_0120-0200_71_hp_singlebatmixed.WAV
88,matching_annotaudio_Aditya_2018-08-19_0120-0200_79_hp.WAV,"matching_annotaudio_Aditya_2018-08-17_01_84_hp.WAV', 'matching_annotaudio_Aditya_2018-08-16_2324_117_hp.WAV', 'matching_annotaudio_Aditya_2018-08-17_56_96_hp.WAV",matching_annotaudio_Aditya_2018-08-19_0120-0200_79_hp_singlebatmixed.WAV
89,matching_annotaudio_Aditya_2018-08-19_0120-0200_87_hp.WAV,"matching_annotaudio_Aditya_2018-08-17_45_8_hp.WAV', 'matching_annotaudio_Aditya_2018-08-17_01_74_hp.WAV",matching_annotaudio_Aditya_2018-08-19_0120-0200_87_hp_singlebatmixed.WAV
90,matching_annotaudio_Aditya_2018-08-19_0120-0200_88_hp.WAV,"matching_annotaudio_Aditya_2018-08-17_45_8_hp.WAV', 'matching_annotaudio_Aditya_2018-08-17_01_74_hp.WAV",matching_annotaudio_Aditya_2018-08-19_0120-0200_88_hp_singlebatmixed.WAV
91,matching_annotaudio_Aditya_2018-08-19_0120-0200_90_hp.WAV,"matching_annotaudio_Aditya_2018-08-17_45_8_hp.WAV', 'matching_annotaudio_Aditya_2018-08-17_01_74_hp.WAV",matching_annotaudio_Aditya_2018-08-19_0120-0200_90_hp_singlebatmixed.WAV
92,matching_annotaudio_Aditya_2018-08-19_23_31_hp.WAV,"matching_annotaudio_Aditya_2018-08-19_0120-0200_93_hp.WAV', 'matching_annotaudio_Aditya_2018-08-17_12_68_hp.WAV",matching_annotaudio_Aditya_2018-08-19_23_31_hp_singlebatmixed.WAV
93,matching_annotaudio_Aditya_2018-08-19_23_34_hp.WAV,"matching_annotaudio_Aditya_2018-08-17_12_98_hp.WAV', 'matching_annotaudio_Aditya_2018-08-17_23_185_hp.WAV",matching_annotaudio_Aditya_2018-08-19_23_34_hp_singlebatmixed.WAV
94,matching_annotaudio_Aditya_2018-08-19_23_37_hp.WAV,"matching_annotaudio_Aditya_2018-08-17_34_201_hp.WAV', 'matching_annotaudio_Aditya_2018-08-17_12_4_hp.WAV', 'matching_annotaudio_Aditya_2018-08-17_12_15_hp.WAV",matching_annotaudio_Aditya_2018-08-19_23_37_hp_singlebatmixed.WAV
95,matching_annotaudio_Aditya_2018-08-19_23_4_hp.WAV,"matching_annotaudio_Aditya_2018-08-17_01_7_hp.WAV', 'matching_annotaudio_Aditya_2018-08-16_2324_29_hp.WAV",matching_annotaudio_Aditya_2018-08-19_23_4_hp_singlebatmixed.WAV
96,matching_annotaudio_Aditya_2018-08-19_23_5_hp.WAV,"matching_annotaudio_Aditya_2018-08-16_2324_29_hp.WAV', 'matching_annotaudio_Aditya_2018-08-17_01_7_hp.WAV",matching_annotaudio_Aditya_2018-08-19_23_5_hp_singlebatmixed.WAV
97,matching_annotaudio_Aditya_2018-08-20_0200-0300_18_hp.WAV,"matching_annotaudio_Aditya_2018-08-17_56_78_hp.WAV', 'matching_annotaudio_Aditya_2018-08-19_0120-0200_93_hp.WAV', 'matching_annotaudio_Aditya_2018-08-17_12_100_hp.WAV",matching_annotaudio_Aditya_2018-08-20_0200-0300_18_hp_singlebatmixed.WAV
98,matching_annotaudio_Aditya_2018-08-20_0200-0300_43_hp.WAV,"matching_annotaudio_Aditya_2018-08-20_0200-0300_54_hp.WAV', 'matching_annotaudio_Aditya_2018-08-17_23_185_hp.WAV",matching_annotaudio_Aditya_2018-08-20_0200-0300_43_hp_singlebatmixed.WAV
99,matching_annotaudio_Aditya_2018-08-20_0200-0300_66_hp.WAV,"matching_annotaudio_Aditya_2018-08-17_23_26_hp.WAV', 'matching_annotaudio_Aditya_2018-08-16_21502300_33_hp.WAV",matching_annotaudio_Aditya_2018-08-20_0200-0300_66_hp_singlebatmixed.WAV
100,matching_annotaudio_Aditya_2018-08-20_0200-0300_73_hp.WAV,"matching_annotaudio_Aditya_2018-08-19_0120-0200_109_hp.WAV', 'matching_annotaudio_Aditya_2018-08-16_2324_165_hp.WAV",matching_annotaudio_Aditya_2018-08-20_0200-0300_73_hp_singlebatmixed.WAV
101,matching_annotaudio_Aditya_2018-08-20_0200-0300_78_hp.WAV,"matching_annotaudio_Aditya_2018-08-17_12_33_hp.WAV', 'matching_annotaudio_Aditya_2018-08-20_0200-0300_38_hp.WAV",matching_annotaudio_Aditya_2018-08-20_0200-0300_78_hp_singlebatmixed.WAV
102,matching_annotaudio_Aditya_2018-08-20_0200-0300_7_hp.WAV,"matching_annotaudio_Aditya_2018-08-19_0120-0200_128_hp.WAV', 'matching_annotaudio_Aditya_2018-08-19_0120-0200_18_hp.WAV",matching_annotaudio_Aditya_2018-08-20_0200-0300_7_hp_singlebatmixed.WAV
103,matching_annotaudio_Aditya_2018-08-20_0200-0300_92_hp.WAV,"matching_annotaudio_Aditya_2018-08-17_34_132_hp.WAV', 'matching_annotaudio_Aditya_2018-08-19_0120-0200_8_hp.WAV",matching_annotaudio_Aditya_2018-08-20_0200-0300_92_hp_singlebatmixed.WAV
