file_name,,file_name
matching_annotaudio_Aditya_2018-08-16_21502300_106_hp.WAV,0,matching_annotaudio_Aditya_2018-08-16_21502300_106_hp.WAV
matching_annotaudio_Aditya_2018-08-16_21502300_19_hp.WAV,0,matching_annotaudio_Aditya_2018-08-16_21502300_19_hp.WAV
matching_annotaudio_Aditya_2018-08-16_21502300_35_hp.WAV,0,matching_annotaudio_Aditya_2018-08-16_21502300_35_hp.WAV
matching_annotaudio_Aditya_2018-08-16_21502300_45_hp.WAV,0,matching_annotaudio_Aditya_2018-08-16_21502300_45_hp.WAV
matching_annotaudio_Aditya_2018-08-16_21502300_65_hp.WAV,0,matching_annotaudio_Aditya_2018-08-16_21502300_65_hp.WAV
matching_annotaudio_Aditya_2018-08-16_21502300_73_hp.WAV,0,matching_annotaudio_Aditya_2018-08-16_21502300_73_hp.WAV
matching_annotaudio_Aditya_2018-08-16_2324_117_hp.WAV,0,matching_annotaudio_Aditya_2018-08-16_2324_117_hp.WAV
matching_annotaudio_Aditya_2018-08-16_2324_129_hp.WAV,0,matching_annotaudio_Aditya_2018-08-16_2324_129_hp.WAV
matching_annotaudio_Aditya_2018-08-16_2324_148_hp.WAV,0,matching_annotaudio_Aditya_2018-08-16_2324_148_hp.WAV
matching_annotaudio_Aditya_2018-08-16_2324_184_hp.WAV,0,matching_annotaudio_Aditya_2018-08-16_2324_184_hp.WAV
matching_annotaudio_Aditya_2018-08-16_2324_185_hp.WAV,0,matching_annotaudio_Aditya_2018-08-16_2324_185_hp.WAV
matching_annotaudio_Aditya_2018-08-16_2324_211_hp.WAV,0,matching_annotaudio_Aditya_2018-08-16_2324_211_hp.WAV
matching_annotaudio_Aditya_2018-08-16_2324_212_hp.WAV,0,matching_annotaudio_Aditya_2018-08-16_2324_212_hp.WAV
matching_annotaudio_Aditya_2018-08-16_2324_215_hp.WAV,0,matching_annotaudio_Aditya_2018-08-16_2324_215_hp.WAV
matching_annotaudio_Aditya_2018-08-16_2324_231_hp.WAV,0,matching_annotaudio_Aditya_2018-08-16_2324_231_hp.WAV
matching_annotaudio_Aditya_2018-08-16_2324_30_hp.WAV,0,matching_annotaudio_Aditya_2018-08-16_2324_30_hp.WAV
matching_annotaudio_Aditya_2018-08-16_2324_54_hp.WAV,0,matching_annotaudio_Aditya_2018-08-16_2324_54_hp.WAV
matching_annotaudio_Aditya_2018-08-16_2324_69_hp.WAV,0,matching_annotaudio_Aditya_2018-08-16_2324_69_hp.WAV
matching_annotaudio_Aditya_2018-08-16_2324_80_hp.WAV,0,matching_annotaudio_Aditya_2018-08-16_2324_80_hp.WAV
matching_annotaudio_Aditya_2018-08-16_2324_91_hp.WAV,0,matching_annotaudio_Aditya_2018-08-16_2324_91_hp.WAV
matching_annotaudio_Aditya_2018-08-17_01_45_hp.WAV,0,matching_annotaudio_Aditya_2018-08-17_01_45_hp.WAV
matching_annotaudio_Aditya_2018-08-17_01_58_hp.WAV,0,matching_annotaudio_Aditya_2018-08-17_01_58_hp.WAV
matching_annotaudio_Aditya_2018-08-17_01_78_hp.WAV,0,matching_annotaudio_Aditya_2018-08-17_01_78_hp.WAV
matching_annotaudio_Aditya_2018-08-17_12_104_hp.WAV,0,matching_annotaudio_Aditya_2018-08-17_12_104_hp.WAV
matching_annotaudio_Aditya_2018-08-17_12_106_hp.WAV,0,matching_annotaudio_Aditya_2018-08-17_12_106_hp.WAV
matching_annotaudio_Aditya_2018-08-17_12_116_hp.WAV,0,matching_annotaudio_Aditya_2018-08-17_12_116_hp.WAV
matching_annotaudio_Aditya_2018-08-17_12_15_hp.WAV,0,matching_annotaudio_Aditya_2018-08-17_12_15_hp.WAV
matching_annotaudio_Aditya_2018-08-17_12_68_hp.WAV,0,matching_annotaudio_Aditya_2018-08-17_12_68_hp.WAV
matching_annotaudio_Aditya_2018-08-17_12_71_hp.WAV,0,matching_annotaudio_Aditya_2018-08-17_12_71_hp.WAV
matching_annotaudio_Aditya_2018-08-17_12_75_hp.WAV,0,matching_annotaudio_Aditya_2018-08-17_12_75_hp.WAV
matching_annotaudio_Aditya_2018-08-17_12_76_hp.WAV,0,matching_annotaudio_Aditya_2018-08-17_12_76_hp.WAV
matching_annotaudio_Aditya_2018-08-17_12_77_hp.WAV,0,matching_annotaudio_Aditya_2018-08-17_12_77_hp.WAV
matching_annotaudio_Aditya_2018-08-17_23_111_hp.WAV,0,matching_annotaudio_Aditya_2018-08-17_23_111_hp.WAV
matching_annotaudio_Aditya_2018-08-17_23_156_hp.WAV,0,matching_annotaudio_Aditya_2018-08-17_23_156_hp.WAV
matching_annotaudio_Aditya_2018-08-17_23_174_hp.WAV,0,matching_annotaudio_Aditya_2018-08-17_23_174_hp.WAV
matching_annotaudio_Aditya_2018-08-17_23_185_hp.WAV,0,matching_annotaudio_Aditya_2018-08-17_23_185_hp.WAV
matching_annotaudio_Aditya_2018-08-17_23_28_hp.WAV,0,matching_annotaudio_Aditya_2018-08-17_23_28_hp.WAV
matching_annotaudio_Aditya_2018-08-17_23_53_hp.WAV,0,matching_annotaudio_Aditya_2018-08-17_23_53_hp.WAV
matching_annotaudio_Aditya_2018-08-17_23_66_hp.WAV,0,matching_annotaudio_Aditya_2018-08-17_23_66_hp.WAV
matching_annotaudio_Aditya_2018-08-17_23_95_hp.WAV,0,matching_annotaudio_Aditya_2018-08-17_23_95_hp.WAV
matching_annotaudio_Aditya_2018-08-17_23_97_hp.WAV,0,matching_annotaudio_Aditya_2018-08-17_23_97_hp.WAV
matching_annotaudio_Aditya_2018-08-17_34_111_hp.WAV,0,matching_annotaudio_Aditya_2018-08-17_34_111_hp.WAV
matching_annotaudio_Aditya_2018-08-17_34_134_hp.WAV,0,matching_annotaudio_Aditya_2018-08-17_34_134_hp.WAV
matching_annotaudio_Aditya_2018-08-17_34_155_hp.WAV,0,matching_annotaudio_Aditya_2018-08-17_34_155_hp.WAV
matching_annotaudio_Aditya_2018-08-17_34_163_hp.WAV,0,matching_annotaudio_Aditya_2018-08-17_34_163_hp.WAV
matching_annotaudio_Aditya_2018-08-17_34_19_hp.WAV,0,matching_annotaudio_Aditya_2018-08-17_34_19_hp.WAV
matching_annotaudio_Aditya_2018-08-17_34_1_hp.WAV,0,matching_annotaudio_Aditya_2018-08-17_34_1_hp.WAV
matching_annotaudio_Aditya_2018-08-17_34_202_hp.WAV,0,matching_annotaudio_Aditya_2018-08-17_34_202_hp.WAV
matching_annotaudio_Aditya_2018-08-17_34_20_hp.WAV,0,matching_annotaudio_Aditya_2018-08-17_34_20_hp.WAV
matching_annotaudio_Aditya_2018-08-17_34_31_hp.WAV,0,matching_annotaudio_Aditya_2018-08-17_34_31_hp.WAV
matching_annotaudio_Aditya_2018-08-17_34_34_hp.WAV,0,matching_annotaudio_Aditya_2018-08-17_34_34_hp.WAV
matching_annotaudio_Aditya_2018-08-17_34_36_hp.WAV,0,matching_annotaudio_Aditya_2018-08-17_34_36_hp.WAV
matching_annotaudio_Aditya_2018-08-17_34_39_hp.WAV,0,matching_annotaudio_Aditya_2018-08-17_34_39_hp.WAV
matching_annotaudio_Aditya_2018-08-17_34_3_hp.WAV,0,matching_annotaudio_Aditya_2018-08-17_34_3_hp.WAV
matching_annotaudio_Aditya_2018-08-17_34_40_hp.WAV,0,matching_annotaudio_Aditya_2018-08-17_34_40_hp.WAV
matching_annotaudio_Aditya_2018-08-17_34_43_hp.WAV,0,matching_annotaudio_Aditya_2018-08-17_34_43_hp.WAV
matching_annotaudio_Aditya_2018-08-17_34_73_hp.WAV,0,matching_annotaudio_Aditya_2018-08-17_34_73_hp.WAV
matching_annotaudio_Aditya_2018-08-17_34_80_hp.WAV,0,matching_annotaudio_Aditya_2018-08-17_34_80_hp.WAV
matching_annotaudio_Aditya_2018-08-17_34_83_hp.WAV,0,matching_annotaudio_Aditya_2018-08-17_34_83_hp.WAV
matching_annotaudio_Aditya_2018-08-17_45_173_hp.WAV,0,matching_annotaudio_Aditya_2018-08-17_45_173_hp.WAV
matching_annotaudio_Aditya_2018-08-17_45_322_hp.WAV,0,matching_annotaudio_Aditya_2018-08-17_45_322_hp.WAV
matching_annotaudio_Aditya_2018-08-17_45_340_hp.WAV,0,matching_annotaudio_Aditya_2018-08-17_45_340_hp.WAV
matching_annotaudio_Aditya_2018-08-17_56_90_hp.WAV,0,matching_annotaudio_Aditya_2018-08-17_56_90_hp.WAV
matching_annotaudio_Aditya_2018-08-19_0120-0200_23_hp.WAV,0,matching_annotaudio_Aditya_2018-08-19_0120-0200_23_hp.WAV
matching_annotaudio_Aditya_2018-08-19_0120-0200_70_hp.WAV,0,matching_annotaudio_Aditya_2018-08-19_0120-0200_70_hp.WAV
matching_annotaudio_Aditya_2018-08-19_0120-0200_74_hp.WAV,0,matching_annotaudio_Aditya_2018-08-19_0120-0200_74_hp.WAV
matching_annotaudio_Aditya_2018-08-19_0120-0200_78_hp.WAV,0,matching_annotaudio_Aditya_2018-08-19_0120-0200_78_hp.WAV
matching_annotaudio_Aditya_2018-08-19_0120-0200_86_hp.WAV,0,matching_annotaudio_Aditya_2018-08-19_0120-0200_86_hp.WAV
matching_annotaudio_Aditya_2018-08-19_23_12_hp.WAV,0,matching_annotaudio_Aditya_2018-08-19_23_12_hp.WAV
matching_annotaudio_Aditya_2018-08-19_23_14_hp.WAV,0,matching_annotaudio_Aditya_2018-08-19_23_14_hp.WAV
matching_annotaudio_Aditya_2018-08-19_23_15_hp.WAV,0,matching_annotaudio_Aditya_2018-08-19_23_15_hp.WAV
matching_annotaudio_Aditya_2018-08-19_23_19_hp.WAV,0,matching_annotaudio_Aditya_2018-08-19_23_19_hp.WAV
matching_annotaudio_Aditya_2018-08-19_23_29_hp.WAV,0,matching_annotaudio_Aditya_2018-08-19_23_29_hp.WAV
matching_annotaudio_Aditya_2018-08-19_23_38_hp.WAV,0,matching_annotaudio_Aditya_2018-08-19_23_38_hp.WAV
